"ANIO","MES","dominancia","num_municipios","porcentaje","FECHA"
2013,1,"dominancia",71,22.8,"2013-01-01"
2013,1,"monopolio",237,76,"2013-01-01"
2013,1,"no dominancia",4,1.3,"2013-01-01"
2013,2,"dominancia",71,22.7,"2013-02-01"
2013,2,"monopolio",238,76,"2013-02-01"
2013,2,"no dominancia",4,1.3,"2013-02-01"
2013,3,"dominancia",71,22.6,"2013-03-01"
2013,3,"monopolio",239,76.1,"2013-03-01"
2013,3,"no dominancia",4,1.3,"2013-03-01"
2013,4,"dominancia",71,22.5,"2013-04-01"
2013,4,"monopolio",241,76.3,"2013-04-01"
2013,4,"no dominancia",4,1.3,"2013-04-01"
2013,5,"dominancia",70,21.9,"2013-05-01"
2013,5,"monopolio",245,76.8,"2013-05-01"
2013,5,"no dominancia",4,1.3,"2013-05-01"
2013,6,"dominancia",70,21.5,"2013-06-01"
2013,6,"monopolio",251,77.2,"2013-06-01"
2013,6,"no dominancia",4,1.2,"2013-06-01"
2013,7,"dominancia",70,21.6,"2013-07-01"
2013,7,"monopolio",250,77.2,"2013-07-01"
2013,7,"no dominancia",4,1.2,"2013-07-01"
2013,8,"dominancia",71,21.8,"2013-08-01"
2013,8,"monopolio",251,77,"2013-08-01"
2013,8,"no dominancia",4,1.2,"2013-08-01"
2013,9,"dominancia",71,21.6,"2013-09-01"
2013,9,"monopolio",253,77.1,"2013-09-01"
2013,9,"no dominancia",4,1.2,"2013-09-01"
2013,10,"dominancia",71,21.4,"2013-10-01"
2013,10,"monopolio",257,77.4,"2013-10-01"
2013,10,"no dominancia",4,1.2,"2013-10-01"
2013,11,"dominancia",71,21.3,"2013-11-01"
2013,11,"monopolio",259,77.5,"2013-11-01"
2013,11,"no dominancia",4,1.2,"2013-11-01"
2013,12,"dominancia",72,21.6,"2013-12-01"
2013,12,"monopolio",258,77.2,"2013-12-01"
2013,12,"no dominancia",4,1.2,"2013-12-01"
2014,1,"dominancia",72,21.5,"2014-01-01"
2014,1,"monopolio",259,77.3,"2014-01-01"
2014,1,"no dominancia",4,1.2,"2014-01-01"
2014,2,"dominancia",73,21.7,"2014-02-01"
2014,2,"monopolio",259,77.1,"2014-02-01"
2014,2,"no dominancia",4,1.2,"2014-02-01"
2014,3,"dominancia",73,21.7,"2014-03-01"
2014,3,"monopolio",259,77.1,"2014-03-01"
2014,3,"no dominancia",4,1.2,"2014-03-01"
2014,4,"dominancia",73,21.7,"2014-04-01"
2014,4,"monopolio",259,77.1,"2014-04-01"
2014,4,"no dominancia",4,1.2,"2014-04-01"
2014,5,"dominancia",73,21.5,"2014-05-01"
2014,5,"monopolio",262,77.3,"2014-05-01"
2014,5,"no dominancia",4,1.2,"2014-05-01"
2014,6,"dominancia",73,21.3,"2014-06-01"
2014,6,"monopolio",266,77.6,"2014-06-01"
2014,6,"no dominancia",4,1.2,"2014-06-01"
2014,7,"dominancia",73,21.3,"2014-07-01"
2014,7,"monopolio",266,77.6,"2014-07-01"
2014,7,"no dominancia",4,1.2,"2014-07-01"
2014,8,"dominancia",73,21.2,"2014-08-01"
2014,8,"monopolio",268,77.7,"2014-08-01"
2014,8,"no dominancia",4,1.2,"2014-08-01"
2014,9,"dominancia",73,21.1,"2014-09-01"
2014,9,"monopolio",269,77.7,"2014-09-01"
2014,9,"no dominancia",4,1.2,"2014-09-01"
2014,10,"dominancia",74,21.3,"2014-10-01"
2014,10,"monopolio",269,77.5,"2014-10-01"
2014,10,"no dominancia",4,1.2,"2014-10-01"
2014,11,"dominancia",74,21.3,"2014-11-01"
2014,11,"monopolio",268,77.2,"2014-11-01"
2014,11,"no dominancia",5,1.4,"2014-11-01"
2014,12,"dominancia",75,21.6,"2014-12-01"
2014,12,"monopolio",269,77.3,"2014-12-01"
2014,12,"no dominancia",4,1.1,"2014-12-01"
2015,1,"dominancia",76,21.7,"2015-01-01"
2015,1,"monopolio",268,76.6,"2015-01-01"
2015,1,"no dominancia",6,1.7,"2015-01-01"
2015,2,"dominancia",76,21.5,"2015-02-01"
2015,2,"monopolio",272,77.1,"2015-02-01"
2015,2,"no dominancia",5,1.4,"2015-02-01"
2015,3,"dominancia",76,21.5,"2015-03-01"
2015,3,"monopolio",273,77.1,"2015-03-01"
2015,3,"no dominancia",5,1.4,"2015-03-01"
2015,4,"dominancia",373,23.7,"2015-04-01"
2015,4,"monopolio",1186,75.3,"2015-04-01"
2015,4,"no dominancia",16,1,"2015-04-01"
2015,5,"dominancia",372,23.6,"2015-05-01"
2015,5,"monopolio",1187,75.3,"2015-05-01"
2015,5,"no dominancia",17,1.1,"2015-05-01"
2015,6,"dominancia",371,23.5,"2015-06-01"
2015,6,"monopolio",1187,75.3,"2015-06-01"
2015,6,"no dominancia",18,1.1,"2015-06-01"
2015,7,"dominancia",405,25.4,"2015-07-01"
2015,7,"monopolio",1168,73.2,"2015-07-01"
2015,7,"no dominancia",22,1.4,"2015-07-01"
2015,8,"dominancia",411,25.7,"2015-08-01"
2015,8,"monopolio",1167,73.1,"2015-08-01"
2015,8,"no dominancia",19,1.2,"2015-08-01"
2015,9,"dominancia",409,25.7,"2015-09-01"
2015,9,"monopolio",1162,73,"2015-09-01"
2015,9,"no dominancia",21,1.3,"2015-09-01"
2015,10,"dominancia",423,26.7,"2015-10-01"
2015,10,"monopolio",1149,72.6,"2015-10-01"
2015,10,"no dominancia",10,0.6,"2015-10-01"
2015,11,"dominancia",420,26.5,"2015-11-01"
2015,11,"monopolio",1151,72.8,"2015-11-01"
2015,11,"no dominancia",11,0.7,"2015-11-01"
2015,12,"dominancia",424,26.8,"2015-12-01"
2015,12,"monopolio",1145,72.4,"2015-12-01"
2015,12,"no dominancia",13,0.8,"2015-12-01"
2016,1,"dominancia",400,25.3,"2016-01-01"
2016,1,"monopolio",1165,73.6,"2016-01-01"
2016,1,"no dominancia",17,1.1,"2016-01-01"
2016,2,"dominancia",390,24.5,"2016-02-01"
2016,2,"monopolio",1174,73.9,"2016-02-01"
2016,2,"no dominancia",25,1.6,"2016-02-01"
2016,3,"dominancia",399,25.2,"2016-03-01"
2016,3,"monopolio",1166,73.7,"2016-03-01"
2016,3,"no dominancia",18,1.1,"2016-03-01"
2016,4,"dominancia",405,25.5,"2016-04-01"
2016,4,"monopolio",1165,73.4,"2016-04-01"
2016,4,"no dominancia",17,1.1,"2016-04-01"
2016,5,"dominancia",409,25.7,"2016-05-01"
2016,5,"monopolio",1164,73.2,"2016-05-01"
2016,5,"no dominancia",17,1.1,"2016-05-01"
2016,6,"dominancia",402,25.3,"2016-06-01"
2016,6,"monopolio",1166,73.3,"2016-06-01"
2016,6,"no dominancia",23,1.4,"2016-06-01"
2016,7,"dominancia",508,31.5,"2016-07-01"
2016,7,"monopolio",1086,67.4,"2016-07-01"
2016,7,"no dominancia",18,1.1,"2016-07-01"
2016,8,"dominancia",517,32.2,"2016-08-01"
2016,8,"monopolio",1070,66.6,"2016-08-01"
2016,8,"no dominancia",20,1.2,"2016-08-01"
2016,9,"dominancia",525,32.6,"2016-09-01"
2016,9,"monopolio",1066,66.3,"2016-09-01"
2016,9,"no dominancia",17,1.1,"2016-09-01"
2016,10,"dominancia",527,32.8,"2016-10-01"
2016,10,"monopolio",1064,66.1,"2016-10-01"
2016,10,"no dominancia",18,1.1,"2016-10-01"
2016,11,"dominancia",529,33,"2016-11-01"
2016,11,"monopolio",1058,66,"2016-11-01"
2016,11,"no dominancia",16,1,"2016-11-01"
2016,12,"dominancia",529,32.9,"2016-12-01"
2016,12,"monopolio",1060,66,"2016-12-01"
2016,12,"no dominancia",17,1.1,"2016-12-01"
2017,1,"dominancia",531,33.5,"2017-01-01"
2017,1,"monopolio",1045,66,"2017-01-01"
2017,1,"no dominancia",7,0.4,"2017-01-01"
2017,2,"dominancia",530,33.5,"2017-02-01"
2017,2,"monopolio",1044,66,"2017-02-01"
2017,2,"no dominancia",7,0.4,"2017-02-01"
2017,3,"dominancia",527,33.3,"2017-03-01"
2017,3,"monopolio",1046,66.1,"2017-03-01"
2017,3,"no dominancia",9,0.6,"2017-03-01"
2017,4,"dominancia",528,33.1,"2017-04-01"
2017,4,"monopolio",1057,66.2,"2017-04-01"
2017,4,"no dominancia",11,0.7,"2017-04-01"
2017,5,"dominancia",527,32.9,"2017-05-01"
2017,5,"monopolio",1062,66.3,"2017-05-01"
2017,5,"no dominancia",13,0.8,"2017-05-01"
2017,6,"dominancia",530,33.2,"2017-06-01"
2017,6,"monopolio",1055,66.1,"2017-06-01"
2017,6,"no dominancia",12,0.8,"2017-06-01"
2017,7,"dominancia",528,33.1,"2017-07-01"
2017,7,"monopolio",1056,66.2,"2017-07-01"
2017,7,"no dominancia",11,0.7,"2017-07-01"
2017,8,"dominancia",528,33,"2017-08-01"
2017,8,"monopolio",1061,66.4,"2017-08-01"
2017,8,"no dominancia",10,0.6,"2017-08-01"
2017,9,"dominancia",528,33.1,"2017-09-01"
2017,9,"monopolio",1059,66.4,"2017-09-01"
2017,9,"no dominancia",9,0.6,"2017-09-01"
2017,10,"dominancia",524,32.8,"2017-10-01"
2017,10,"monopolio",1060,66.4,"2017-10-01"
2017,10,"no dominancia",12,0.8,"2017-10-01"
2017,11,"dominancia",523,32.8,"2017-11-01"
2017,11,"monopolio",1060,66.5,"2017-11-01"
2017,11,"no dominancia",12,0.8,"2017-11-01"
2017,12,"dominancia",528,33.1,"2017-12-01"
2017,12,"monopolio",1055,66.1,"2017-12-01"
2017,12,"no dominancia",13,0.8,"2017-12-01"
2018,1,"dominancia",546,34.3,"2018-01-01"
2018,1,"monopolio",1034,64.9,"2018-01-01"
2018,1,"no dominancia",14,0.9,"2018-01-01"
2018,2,"dominancia",548,34.4,"2018-02-01"
2018,2,"monopolio",1031,64.7,"2018-02-01"
2018,2,"no dominancia",15,0.9,"2018-02-01"
2018,3,"dominancia",550,34.5,"2018-03-01"
2018,3,"monopolio",1028,64.4,"2018-03-01"
2018,3,"no dominancia",18,1.1,"2018-03-01"
2018,4,"dominancia",557,34.8,"2018-04-01"
2018,4,"monopolio",1027,64.2,"2018-04-01"
2018,4,"no dominancia",16,1,"2018-04-01"
2018,5,"dominancia",555,34.7,"2018-05-01"
2018,5,"monopolio",1026,64.2,"2018-05-01"
2018,5,"no dominancia",18,1.1,"2018-05-01"
2018,6,"dominancia",564,35.3,"2018-06-01"
2018,6,"monopolio",1017,63.6,"2018-06-01"
2018,6,"no dominancia",17,1.1,"2018-06-01"
2018,7,"dominancia",558,34.9,"2018-07-01"
2018,7,"monopolio",1024,64,"2018-07-01"
2018,7,"no dominancia",17,1.1,"2018-07-01"
2018,8,"dominancia",558,34.9,"2018-08-01"
2018,8,"monopolio",1022,63.8,"2018-08-01"
2018,8,"no dominancia",21,1.3,"2018-08-01"
2018,9,"dominancia",561,35.1,"2018-09-01"
2018,9,"monopolio",1017,63.6,"2018-09-01"
2018,9,"no dominancia",21,1.3,"2018-09-01"
2018,10,"dominancia",584,36.4,"2018-10-01"
2018,10,"monopolio",998,62.2,"2018-10-01"
2018,10,"no dominancia",23,1.4,"2018-10-01"
2018,11,"dominancia",585,36.4,"2018-11-01"
2018,11,"monopolio",998,62.1,"2018-11-01"
2018,11,"no dominancia",23,1.4,"2018-11-01"
2018,12,"dominancia",592,36.7,"2018-12-01"
2018,12,"monopolio",1001,62.1,"2018-12-01"
2018,12,"no dominancia",18,1.1,"2018-12-01"
2019,1,"dominancia",504,31.5,"2019-01-01"
2019,1,"monopolio",1068,66.8,"2019-01-01"
2019,1,"no dominancia",26,1.6,"2019-01-01"
2019,2,"dominancia",503,31.5,"2019-02-01"
2019,2,"monopolio",1065,66.8,"2019-02-01"
2019,2,"no dominancia",27,1.7,"2019-02-01"
2019,3,"dominancia",508,31.8,"2019-03-01"
2019,3,"monopolio",1062,66.6,"2019-03-01"
2019,3,"no dominancia",25,1.6,"2019-03-01"
2019,4,"dominancia",526,32.9,"2019-04-01"
2019,4,"monopolio",1051,65.8,"2019-04-01"
2019,4,"no dominancia",21,1.3,"2019-04-01"
2019,5,"dominancia",526,32.8,"2019-05-01"
2019,5,"monopolio",1054,65.8,"2019-05-01"
2019,5,"no dominancia",23,1.4,"2019-05-01"
2019,6,"dominancia",531,33.1,"2019-06-01"
2019,6,"monopolio",1050,65.5,"2019-06-01"
2019,6,"no dominancia",23,1.4,"2019-06-01"
2019,7,"dominancia",554,34.5,"2019-07-01"
2019,7,"monopolio",1025,63.8,"2019-07-01"
2019,7,"no dominancia",27,1.7,"2019-07-01"
2019,8,"dominancia",560,34.9,"2019-08-01"
2019,8,"monopolio",1019,63.4,"2019-08-01"
2019,8,"no dominancia",27,1.7,"2019-08-01"
2019,9,"dominancia",562,35,"2019-09-01"
2019,9,"monopolio",1017,63.3,"2019-09-01"
2019,9,"no dominancia",28,1.7,"2019-09-01"
2019,10,"dominancia",569,35.3,"2019-10-01"
2019,10,"monopolio",991,61.5,"2019-10-01"
2019,10,"no dominancia",51,3.2,"2019-10-01"
2019,11,"dominancia",578,35.8,"2019-11-01"
2019,11,"monopolio",983,60.9,"2019-11-01"
2019,11,"no dominancia",52,3.2,"2019-11-01"
2019,12,"dominancia",586,36.2,"2019-12-01"
2019,12,"monopolio",981,60.7,"2019-12-01"
2019,12,"no dominancia",50,3.1,"2019-12-01"
2020,1,"dominancia",1166,66.1,"2020-01-01"
2020,1,"monopolio",484,27.5,"2020-01-01"
2020,1,"no dominancia",113,6.4,"2020-01-01"
2020,2,"dominancia",1166,66.3,"2020-02-01"
2020,2,"monopolio",482,27.4,"2020-02-01"
2020,2,"no dominancia",111,6.3,"2020-02-01"
2020,3,"dominancia",1170,66.3,"2020-03-01"
2020,3,"monopolio",485,27.5,"2020-03-01"
2020,3,"no dominancia",111,6.3,"2020-03-01"
2020,4,"dominancia",1171,66.3,"2020-04-01"
2020,4,"monopolio",487,27.6,"2020-04-01"
2020,4,"no dominancia",107,6.1,"2020-04-01"
2020,5,"dominancia",1169,65.9,"2020-05-01"
2020,5,"monopolio",493,27.8,"2020-05-01"
2020,5,"no dominancia",112,6.3,"2020-05-01"
2020,6,"dominancia",1178,66.3,"2020-06-01"
2020,6,"monopolio",485,27.3,"2020-06-01"
2020,6,"no dominancia",114,6.4,"2020-06-01"
2020,7,"dominancia",1188,66.7,"2020-07-01"
2020,7,"monopolio",477,26.8,"2020-07-01"
2020,7,"no dominancia",117,6.6,"2020-07-01"
2020,8,"dominancia",1192,66.4,"2020-08-01"
2020,8,"monopolio",484,26.9,"2020-08-01"
2020,8,"no dominancia",120,6.7,"2020-08-01"
2020,9,"dominancia",1207,66.7,"2020-09-01"
2020,9,"monopolio",483,26.7,"2020-09-01"
2020,9,"no dominancia",120,6.6,"2020-09-01"
2020,10,"dominancia",1224,67.4,"2020-10-01"
2020,10,"monopolio",476,26.2,"2020-10-01"
2020,10,"no dominancia",117,6.4,"2020-10-01"
2020,11,"dominancia",1213,66.8,"2020-11-01"
2020,11,"monopolio",483,26.6,"2020-11-01"
2020,11,"no dominancia",121,6.7,"2020-11-01"
2020,12,"dominancia",1217,66.8,"2020-12-01"
2020,12,"monopolio",482,26.5,"2020-12-01"
2020,12,"no dominancia",123,6.8,"2020-12-01"
2021,1,"dominancia",1242,67.1,"2021-01-01"
2021,1,"monopolio",475,25.7,"2021-01-01"
2021,1,"no dominancia",133,7.2,"2021-01-01"
2021,2,"dominancia",1245,67,"2021-02-01"
2021,2,"monopolio",478,25.7,"2021-02-01"
2021,2,"no dominancia",134,7.2,"2021-02-01"
2021,3,"dominancia",1251,67.2,"2021-03-01"
2021,3,"monopolio",477,25.6,"2021-03-01"
2021,3,"no dominancia",133,7.1,"2021-03-01"
2021,4,"dominancia",1361,72.8,"2021-04-01"
2021,4,"monopolio",424,22.7,"2021-04-01"
2021,4,"no dominancia",85,4.5,"2021-04-01"
2021,5,"dominancia",1363,73,"2021-05-01"
2021,5,"monopolio",420,22.5,"2021-05-01"
2021,5,"no dominancia",85,4.6,"2021-05-01"
2021,6,"dominancia",1368,73.2,"2021-06-01"
2021,6,"monopolio",409,21.9,"2021-06-01"
2021,6,"no dominancia",91,4.9,"2021-06-01"
2021,7,"dominancia",1371,73.4,"2021-07-01"
2021,7,"monopolio",405,21.7,"2021-07-01"
2021,7,"no dominancia",92,4.9,"2021-07-01"
2021,8,"dominancia",1365,73,"2021-08-01"
2021,8,"monopolio",408,21.8,"2021-08-01"
2021,8,"no dominancia",96,5.1,"2021-08-01"
2021,9,"dominancia",1366,72.9,"2021-09-01"
2021,9,"monopolio",410,21.9,"2021-09-01"
2021,9,"no dominancia",99,5.3,"2021-09-01"
2021,10,"dominancia",1368,72.8,"2021-10-01"
2021,10,"monopolio",412,21.9,"2021-10-01"
2021,10,"no dominancia",98,5.2,"2021-10-01"
2021,11,"dominancia",1360,72.2,"2021-11-01"
2021,11,"monopolio",421,22.4,"2021-11-01"
2021,11,"no dominancia",102,5.4,"2021-11-01"
2021,12,"dominancia",1377,72.6,"2021-12-01"
2021,12,"monopolio",425,22.4,"2021-12-01"
2021,12,"no dominancia",95,5,"2021-12-01"
2022,1,"dominancia",1391,73.1,"2022-01-01"
2022,1,"monopolio",414,21.8,"2022-01-01"
2022,1,"no dominancia",98,5.1,"2022-01-01"
2022,2,"dominancia",1397,73.3,"2022-02-01"
2022,2,"monopolio",407,21.4,"2022-02-01"
2022,2,"no dominancia",102,5.4,"2022-02-01"
2022,3,"dominancia",1394,73.2,"2022-03-01"
2022,3,"monopolio",404,21.2,"2022-03-01"
2022,3,"no dominancia",106,5.6,"2022-03-01"
2022,4,"dominancia",1329,69.9,"2022-04-01"
2022,4,"monopolio",489,25.7,"2022-04-01"
2022,4,"no dominancia",83,4.4,"2022-04-01"
2022,5,"dominancia",1324,69.7,"2022-05-01"
2022,5,"monopolio",490,25.8,"2022-05-01"
2022,5,"no dominancia",86,4.5,"2022-05-01"
2022,6,"dominancia",1329,70.1,"2022-06-01"
2022,6,"monopolio",483,25.5,"2022-06-01"
2022,6,"no dominancia",84,4.4,"2022-06-01"
2022,7,"dominancia",1325,69.7,"2022-07-01"
2022,7,"monopolio",490,25.8,"2022-07-01"
2022,7,"no dominancia",85,4.5,"2022-07-01"
2022,8,"dominancia",1322,69.6,"2022-08-01"
2022,8,"monopolio",492,25.9,"2022-08-01"
2022,8,"no dominancia",85,4.5,"2022-08-01"
2022,9,"dominancia",1324,69.6,"2022-09-01"
2022,9,"monopolio",492,25.9,"2022-09-01"
2022,9,"no dominancia",86,4.5,"2022-09-01"
2022,10,"dominancia",1387,72.8,"2022-10-01"
2022,10,"monopolio",417,21.9,"2022-10-01"
2022,10,"no dominancia",102,5.4,"2022-10-01"
2022,11,"dominancia",1379,72.4,"2022-11-01"
2022,11,"monopolio",416,21.8,"2022-11-01"
2022,11,"no dominancia",109,5.7,"2022-11-01"
2022,12,"dominancia",1374,72.4,"2022-12-01"
2022,12,"monopolio",415,21.9,"2022-12-01"
2022,12,"no dominancia",109,5.7,"2022-12-01"
2023,1,"dominancia",1383,72.8,"2023-01-01"
2023,1,"monopolio",407,21.4,"2023-01-01"
2023,1,"no dominancia",109,5.7,"2023-01-01"
2023,2,"dominancia",1386,73.2,"2023-02-01"
2023,2,"monopolio",395,20.9,"2023-02-01"
2023,2,"no dominancia",112,5.9,"2023-02-01"
2023,3,"dominancia",1383,73.1,"2023-03-01"
2023,3,"monopolio",397,21,"2023-03-01"
2023,3,"no dominancia",113,6,"2023-03-01"
2023,4,"dominancia",1334,70.8,"2023-04-01"
2023,4,"monopolio",482,25.6,"2023-04-01"
2023,4,"no dominancia",69,3.7,"2023-04-01"
2023,5,"dominancia",1330,70.3,"2023-05-01"
2023,5,"monopolio",493,26.1,"2023-05-01"
2023,5,"no dominancia",69,3.6,"2023-05-01"
2023,6,"dominancia",1330,70.3,"2023-06-01"
2023,6,"monopolio",493,26,"2023-06-01"
2023,6,"no dominancia",70,3.7,"2023-06-01"
2023,7,"dominancia",1370,70.7,"2023-07-01"
2023,7,"monopolio",447,23.1,"2023-07-01"
2023,7,"no dominancia",120,6.2,"2023-07-01"
2023,8,"dominancia",1384,71.6,"2023-08-01"
2023,8,"monopolio",445,23,"2023-08-01"
2023,8,"no dominancia",104,5.4,"2023-08-01"
2023,9,"dominancia",1414,72.9,"2023-09-01"
2023,9,"monopolio",419,21.6,"2023-09-01"
2023,9,"no dominancia",106,5.5,"2023-09-01"
2023,10,"dominancia",1344,69.6,"2023-10-01"
2023,10,"monopolio",496,25.7,"2023-10-01"
2023,10,"no dominancia",92,4.8,"2023-10-01"
2023,11,"dominancia",1337,69.1,"2023-11-01"
2023,11,"monopolio",498,25.7,"2023-11-01"
2023,11,"no dominancia",100,5.2,"2023-11-01"
2023,12,"dominancia",1337,69.1,"2023-12-01"
2023,12,"monopolio",496,25.6,"2023-12-01"
2023,12,"no dominancia",102,5.3,"2023-12-01"
2024,1,"dominancia",1328,68.8,"2024-01-01"
2024,1,"monopolio",495,25.6,"2024-01-01"
2024,1,"no dominancia",108,5.6,"2024-01-01"
2024,2,"dominancia",1316,68,"2024-02-01"
2024,2,"monopolio",509,26.3,"2024-02-01"
2024,2,"no dominancia",109,5.6,"2024-02-01"
2024,3,"dominancia",1315,68.1,"2024-03-01"
2024,3,"monopolio",505,26.2,"2024-03-01"
2024,3,"no dominancia",111,5.7,"2024-03-01"
2024,4,"dominancia",1388,71.7,"2024-04-01"
2024,4,"monopolio",426,22,"2024-04-01"
2024,4,"no dominancia",121,6.3,"2024-04-01"
2024,5,"dominancia",1369,71.2,"2024-05-01"
2024,5,"monopolio",432,22.5,"2024-05-01"
2024,5,"no dominancia",123,6.4,"2024-05-01"
2024,6,"dominancia",1378,71.5,"2024-06-01"
2024,6,"monopolio",426,22.1,"2024-06-01"
2024,6,"no dominancia",124,6.4,"2024-06-01"
2024,7,"dominancia",1364,70.8,"2024-07-01"
2024,7,"monopolio",430,22.3,"2024-07-01"
2024,7,"no dominancia",132,6.9,"2024-07-01"
2024,8,"dominancia",1357,70.5,"2024-08-01"
2024,8,"monopolio",431,22.4,"2024-08-01"
2024,8,"no dominancia",137,7.1,"2024-08-01"
2024,9,"dominancia",1348,70.3,"2024-09-01"
2024,9,"monopolio",439,22.9,"2024-09-01"
2024,9,"no dominancia",131,6.8,"2024-09-01"
2024,10,"dominancia",1370,71.2,"2024-10-01"
2024,10,"monopolio",422,21.9,"2024-10-01"
2024,10,"no dominancia",133,6.9,"2024-10-01"
2024,11,"dominancia",1360,70.8,"2024-11-01"
2024,11,"monopolio",431,22.4,"2024-11-01"
2024,11,"no dominancia",130,6.8,"2024-11-01"
2024,12,"dominancia",1362,71,"2024-12-01"
2024,12,"monopolio",430,22.4,"2024-12-01"
2024,12,"no dominancia",125,6.5,"2024-12-01"
2025,3,"dominancia",1296,68.1,"2025-03-01"
2025,3,"monopolio",500,26.3,"2025-03-01"
2025,3,"no dominancia",108,5.7,"2025-03-01"
2025,6,"dominancia",1275,68.2,"2025-06-01"
2025,6,"monopolio",560,30,"2025-06-01"
2025,6,"no dominancia",34,1.8,"2025-06-01"
2025,9,"dominancia",1286,67.6,"2025-09-01"
2025,9,"monopolio",508,26.7,"2025-09-01"
2025,9,"no dominancia",107,5.6,"2025-09-01"
2025,12,"dominancia",1286,68.2,"2025-12-01"
2025,12,"monopolio",481,25.5,"2025-12-01"
2025,12,"no dominancia",120,6.4,"2025-12-01"
