"ANIO","MES","GRUPO","num_municipios","FECHA"
2013,1,"AMÉRICA MÓVIL",13,"2013-01-01"
2013,1,"AXTEL",4,"2013-01-01"
2013,1,"CABLECOM",1,"2013-01-01"
2013,1,"CABLEVISION RED",3,"2013-01-01"
2013,1,"GRUPO TELEVISA",28,"2013-01-01"
2013,1,"MAXCOM",5,"2013-01-01"
2013,1,"MEGACABLE-MCM",17,"2013-01-01"
2013,2,"AMÉRICA MÓVIL",13,"2013-02-01"
2013,2,"AXTEL",4,"2013-02-01"
2013,2,"CABLECOM",1,"2013-02-01"
2013,2,"CABLEVISION RED",3,"2013-02-01"
2013,2,"GRUPO TELEVISA",28,"2013-02-01"
2013,2,"MAXCOM",5,"2013-02-01"
2013,2,"MEGACABLE-MCM",17,"2013-02-01"
2013,3,"AMÉRICA MÓVIL",13,"2013-03-01"
2013,3,"AXTEL",4,"2013-03-01"
2013,3,"CABLECOM",1,"2013-03-01"
2013,3,"CABLEVISION RED",3,"2013-03-01"
2013,3,"GRUPO TELEVISA",28,"2013-03-01"
2013,3,"MAXCOM",5,"2013-03-01"
2013,3,"MEGACABLE-MCM",17,"2013-03-01"
2013,4,"AMÉRICA MÓVIL",13,"2013-04-01"
2013,4,"AXTEL",3,"2013-04-01"
2013,4,"CABLECOM",1,"2013-04-01"
2013,4,"CABLEVISION RED",4,"2013-04-01"
2013,4,"GRUPO TELEVISA",28,"2013-04-01"
2013,4,"MAXCOM",5,"2013-04-01"
2013,4,"MEGACABLE-MCM",17,"2013-04-01"
2013,5,"AMÉRICA MÓVIL",13,"2013-05-01"
2013,5,"AXTEL",3,"2013-05-01"
2013,5,"CABLECOM",1,"2013-05-01"
2013,5,"CABLEVISION RED",4,"2013-05-01"
2013,5,"GRUPO TELEVISA",28,"2013-05-01"
2013,5,"MAXCOM",4,"2013-05-01"
2013,5,"MEGACABLE-MCM",17,"2013-05-01"
2013,6,"AMÉRICA MÓVIL",13,"2013-06-01"
2013,6,"AXTEL",3,"2013-06-01"
2013,6,"CABLECOM",1,"2013-06-01"
2013,6,"CABLEVISION RED",4,"2013-06-01"
2013,6,"GRUPO TELEVISA",28,"2013-06-01"
2013,6,"MAXCOM",4,"2013-06-01"
2013,6,"MEGACABLE-MCM",17,"2013-06-01"
2013,7,"AMÉRICA MÓVIL",13,"2013-07-01"
2013,7,"AXTEL",3,"2013-07-01"
2013,7,"CABLECOM",1,"2013-07-01"
2013,7,"CABLEVISION RED",4,"2013-07-01"
2013,7,"GRUPO TELEVISA",28,"2013-07-01"
2013,7,"MAXCOM",4,"2013-07-01"
2013,7,"MEGACABLE-MCM",17,"2013-07-01"
2013,8,"AMÉRICA MÓVIL",13,"2013-08-01"
2013,8,"AXTEL",3,"2013-08-01"
2013,8,"CABLECOM",1,"2013-08-01"
2013,8,"CABLEVISION RED",4,"2013-08-01"
2013,8,"GRUPO TELEVISA",29,"2013-08-01"
2013,8,"MAXCOM",4,"2013-08-01"
2013,8,"MEGACABLE-MCM",17,"2013-08-01"
2013,9,"AMÉRICA MÓVIL",13,"2013-09-01"
2013,9,"AXTEL",3,"2013-09-01"
2013,9,"CABLECOM",1,"2013-09-01"
2013,9,"CABLEVISION RED",4,"2013-09-01"
2013,9,"GRUPO TELEVISA",29,"2013-09-01"
2013,9,"MAXCOM",4,"2013-09-01"
2013,9,"MEGACABLE-MCM",17,"2013-09-01"
2013,10,"AMÉRICA MÓVIL",13,"2013-10-01"
2013,10,"AXTEL",3,"2013-10-01"
2013,10,"CABLECOM",1,"2013-10-01"
2013,10,"CABLEVISION RED",4,"2013-10-01"
2013,10,"GRUPO TELEVISA",29,"2013-10-01"
2013,10,"MAXCOM",4,"2013-10-01"
2013,10,"MEGACABLE-MCM",17,"2013-10-01"
2013,11,"AMÉRICA MÓVIL",13,"2013-11-01"
2013,11,"AXTEL",3,"2013-11-01"
2013,11,"CABLECOM",1,"2013-11-01"
2013,11,"CABLEVISION RED",4,"2013-11-01"
2013,11,"GRUPO TELEVISA",29,"2013-11-01"
2013,11,"MAXCOM",4,"2013-11-01"
2013,11,"MEGACABLE-MCM",17,"2013-11-01"
2013,12,"AMÉRICA MÓVIL",13,"2013-12-01"
2013,12,"AXTEL",3,"2013-12-01"
2013,12,"CABLECOM",1,"2013-12-01"
2013,12,"CABLEVISION RED",4,"2013-12-01"
2013,12,"GRUPO TELEVISA",30,"2013-12-01"
2013,12,"MAXCOM",4,"2013-12-01"
2013,12,"MEGACABLE-MCM",17,"2013-12-01"
2014,1,"AMÉRICA MÓVIL",13,"2014-01-01"
2014,1,"AXTEL",3,"2014-01-01"
2014,1,"CABLECOM",1,"2014-01-01"
2014,1,"CABLEVISION RED",4,"2014-01-01"
2014,1,"GRUPO TELEVISA",30,"2014-01-01"
2014,1,"MAXCOM",4,"2014-01-01"
2014,1,"MEGACABLE-MCM",17,"2014-01-01"
2014,2,"AMÉRICA MÓVIL",13,"2014-02-01"
2014,2,"AXTEL",3,"2014-02-01"
2014,2,"CABLECOM",1,"2014-02-01"
2014,2,"CABLEVISION RED",4,"2014-02-01"
2014,2,"GRUPO TELEVISA",31,"2014-02-01"
2014,2,"MAXCOM",4,"2014-02-01"
2014,2,"MEGACABLE-MCM",17,"2014-02-01"
2014,3,"AMÉRICA MÓVIL",13,"2014-03-01"
2014,3,"AXTEL",3,"2014-03-01"
2014,3,"CABLECOM",1,"2014-03-01"
2014,3,"CABLEVISION RED",4,"2014-03-01"
2014,3,"GRUPO TELEVISA",31,"2014-03-01"
2014,3,"MAXCOM",4,"2014-03-01"
2014,3,"MEGACABLE-MCM",17,"2014-03-01"
2014,4,"AMÉRICA MÓVIL",13,"2014-04-01"
2014,4,"AXTEL",3,"2014-04-01"
2014,4,"CABLECOM",1,"2014-04-01"
2014,4,"CABLEVISION RED",4,"2014-04-01"
2014,4,"GRUPO TELEVISA",31,"2014-04-01"
2014,4,"MAXCOM",4,"2014-04-01"
2014,4,"MEGACABLE-MCM",17,"2014-04-01"
2014,5,"AMÉRICA MÓVIL",13,"2014-05-01"
2014,5,"AXTEL",3,"2014-05-01"
2014,5,"CABLECOM",1,"2014-05-01"
2014,5,"CABLEVISION RED",4,"2014-05-01"
2014,5,"GRUPO TELEVISA",31,"2014-05-01"
2014,5,"MAXCOM",4,"2014-05-01"
2014,5,"MEGACABLE-MCM",17,"2014-05-01"
2014,6,"AMÉRICA MÓVIL",13,"2014-06-01"
2014,6,"AXTEL",3,"2014-06-01"
2014,6,"CABLECOM",1,"2014-06-01"
2014,6,"CABLEVISION RED",4,"2014-06-01"
2014,6,"GRUPO TELEVISA",31,"2014-06-01"
2014,6,"MAXCOM",4,"2014-06-01"
2014,6,"MEGACABLE-MCM",17,"2014-06-01"
2014,7,"AMÉRICA MÓVIL",13,"2014-07-01"
2014,7,"AXTEL",3,"2014-07-01"
2014,7,"CABLECOM",1,"2014-07-01"
2014,7,"CABLEVISION RED",4,"2014-07-01"
2014,7,"GRUPO TELEVISA",31,"2014-07-01"
2014,7,"MAXCOM",4,"2014-07-01"
2014,7,"MEGACABLE-MCM",17,"2014-07-01"
2014,8,"AMÉRICA MÓVIL",13,"2014-08-01"
2014,8,"AXTEL",3,"2014-08-01"
2014,8,"CABLEVISION RED",4,"2014-08-01"
2014,8,"GRUPO TELEVISA",32,"2014-08-01"
2014,8,"MAXCOM",4,"2014-08-01"
2014,8,"MEGACABLE-MCM",17,"2014-08-01"
2014,9,"AMÉRICA MÓVIL",13,"2014-09-01"
2014,9,"AXTEL",3,"2014-09-01"
2014,9,"CABLEVISION RED",4,"2014-09-01"
2014,9,"GRUPO TELEVISA",32,"2014-09-01"
2014,9,"MAXCOM",4,"2014-09-01"
2014,9,"MEGACABLE-MCM",17,"2014-09-01"
2014,10,"AMÉRICA MÓVIL",13,"2014-10-01"
2014,10,"AXTEL",3,"2014-10-01"
2014,10,"CABLEVISION RED",4,"2014-10-01"
2014,10,"GRUPO TELEVISA",33,"2014-10-01"
2014,10,"MAXCOM",4,"2014-10-01"
2014,10,"MEGACABLE-MCM",17,"2014-10-01"
2014,11,"AMÉRICA MÓVIL",13,"2014-11-01"
2014,11,"AXTEL",4,"2014-11-01"
2014,11,"CABLEVISION RED",4,"2014-11-01"
2014,11,"GRUPO TELEVISA",32,"2014-11-01"
2014,11,"MAXCOM",4,"2014-11-01"
2014,11,"MEGACABLE-MCM",17,"2014-11-01"
2014,12,"AMÉRICA MÓVIL",13,"2014-12-01"
2014,12,"AXTEL",4,"2014-12-01"
2014,12,"CABLEVISION RED",4,"2014-12-01"
2014,12,"GRUPO TELEVISA",34,"2014-12-01"
2014,12,"MAXCOM",3,"2014-12-01"
2014,12,"MEGACABLE-MCM",17,"2014-12-01"
2015,1,"AMÉRICA MÓVIL",13,"2015-01-01"
2015,1,"AXTEL",5,"2015-01-01"
2015,1,"GRUPO TELEVISA",38,"2015-01-01"
2015,1,"MAXCOM",3,"2015-01-01"
2015,1,"MEGACABLE-MCM",17,"2015-01-01"
2015,2,"AMÉRICA MÓVIL",13,"2015-02-01"
2015,2,"AXTEL",5,"2015-02-01"
2015,2,"GRUPO TELEVISA",38,"2015-02-01"
2015,2,"MAXCOM",3,"2015-02-01"
2015,2,"MEGACABLE-MCM",17,"2015-02-01"
2015,3,"AMÉRICA MÓVIL",13,"2015-03-01"
2015,3,"AXTEL",5,"2015-03-01"
2015,3,"GRUPO TELEVISA",38,"2015-03-01"
2015,3,"MAXCOM",3,"2015-03-01"
2015,3,"MEGACABLE-MCM",17,"2015-03-01"
2015,4,"AMÉRICA MÓVIL",314,"2015-04-01"
2015,4,"AXTEL",3,"2015-04-01"
2015,4,"GRUPO TELEVISA",16,"2015-04-01"
2015,4,"MEGACABLE-MCM",38,"2015-04-01"
2015,4,"TV REY",2,"2015-04-01"
2015,5,"AMÉRICA MÓVIL",309,"2015-05-01"
2015,5,"AXTEL",3,"2015-05-01"
2015,5,"GRUPO TELEVISA",17,"2015-05-01"
2015,5,"MEGACABLE-MCM",40,"2015-05-01"
2015,5,"TV REY",3,"2015-05-01"
2015,6,"AMÉRICA MÓVIL",307,"2015-06-01"
2015,6,"AXTEL",3,"2015-06-01"
2015,6,"GRUPO TELEVISA",17,"2015-06-01"
2015,6,"MEGACABLE-MCM",41,"2015-06-01"
2015,6,"TV REY",3,"2015-06-01"
2015,7,"ALESTRA",3,"2015-07-01"
2015,7,"AMÉRICA MÓVIL",325,"2015-07-01"
2015,7,"AXTEL",6,"2015-07-01"
2015,7,"GRUPO TELEVISA",24,"2015-07-01"
2015,7,"MEGACABLE-MCM",44,"2015-07-01"
2015,7,"TV REY",3,"2015-07-01"
2015,8,"ALESTRA",3,"2015-08-01"
2015,8,"AMÉRICA MÓVIL",324,"2015-08-01"
2015,8,"AXTEL",7,"2015-08-01"
2015,8,"GRUPO TELEVISA",24,"2015-08-01"
2015,8,"MEGACABLE-MCM",50,"2015-08-01"
2015,8,"TV REY",3,"2015-08-01"
2015,9,"ALESTRA",3,"2015-09-01"
2015,9,"AMÉRICA MÓVIL",318,"2015-09-01"
2015,9,"AXTEL",6,"2015-09-01"
2015,9,"GRUPO TELEVISA",25,"2015-09-01"
2015,9,"MEGACABLE-MCM",54,"2015-09-01"
2015,9,"TV REY",3,"2015-09-01"
2015,10,"ALESTRA",3,"2015-10-01"
2015,10,"AMÉRICA MÓVIL",325,"2015-10-01"
2015,10,"AXTEL",9,"2015-10-01"
2015,10,"GRUPO TELEVISA",27,"2015-10-01"
2015,10,"MEGACABLE-MCM",56,"2015-10-01"
2015,10,"TV REY",3,"2015-10-01"
2015,11,"ALESTRA",3,"2015-11-01"
2015,11,"AMÉRICA MÓVIL",319,"2015-11-01"
2015,11,"AXTEL",9,"2015-11-01"
2015,11,"GRUPO TELEVISA",27,"2015-11-01"
2015,11,"MEGACABLE-MCM",59,"2015-11-01"
2015,11,"TV REY",3,"2015-11-01"
2015,12,"ALESTRA",3,"2015-12-01"
2015,12,"AMÉRICA MÓVIL",319,"2015-12-01"
2015,12,"AXTEL",9,"2015-12-01"
2015,12,"GRUPO TELEVISA",30,"2015-12-01"
2015,12,"MEGACABLE-MCM",60,"2015-12-01"
2015,12,"TV REY",3,"2015-12-01"
2016,1,"AMÉRICA MÓVIL",299,"2016-01-01"
2016,1,"AXTEL",4,"2016-01-01"
2016,1,"GRUPO TELEVISA",30,"2016-01-01"
2016,1,"MEGACABLE-MCM",64,"2016-01-01"
2016,1,"TV REY",3,"2016-01-01"
2016,2,"AMÉRICA MÓVIL",287,"2016-02-01"
2016,2,"AXTEL",4,"2016-02-01"
2016,2,"GRUPO TELEVISA",27,"2016-02-01"
2016,2,"MEGACABLE-MCM",69,"2016-02-01"
2016,2,"TV REY",3,"2016-02-01"
2016,3,"AMÉRICA MÓVIL",293,"2016-03-01"
2016,3,"AXTEL",4,"2016-03-01"
2016,3,"GRUPO TELEVISA",30,"2016-03-01"
2016,3,"MEGACABLE-MCM",69,"2016-03-01"
2016,3,"TV REY",3,"2016-03-01"
2016,4,"AMÉRICA MÓVIL",296,"2016-04-01"
2016,4,"AXTEL",3,"2016-04-01"
2016,4,"GRUPO TELEVISA",31,"2016-04-01"
2016,4,"MEGACABLE-MCM",72,"2016-04-01"
2016,4,"TV REY",3,"2016-04-01"
2016,5,"AMÉRICA MÓVIL",294,"2016-05-01"
2016,5,"AXTEL",2,"2016-05-01"
2016,5,"GRUPO TELEVISA",35,"2016-05-01"
2016,5,"MEGACABLE-MCM",75,"2016-05-01"
2016,5,"TV REY",3,"2016-05-01"
2016,6,"AMÉRICA MÓVIL",287,"2016-06-01"
2016,6,"AXTEL",3,"2016-06-01"
2016,6,"GRUPO TELEVISA",32,"2016-06-01"
2016,6,"MEGACABLE-MCM",77,"2016-06-01"
2016,6,"TV REY",3,"2016-06-01"
2016,7,"AMÉRICA MÓVIL",401,"2016-07-01"
2016,7,"AXTEL",1,"2016-07-01"
2016,7,"GRUPO TELEVISA",26,"2016-07-01"
2016,7,"MEGACABLE-MCM",78,"2016-07-01"
2016,7,"TV REY",2,"2016-07-01"
2016,8,"AMÉRICA MÓVIL",406,"2016-08-01"
2016,8,"AXTEL",1,"2016-08-01"
2016,8,"GRUPO TELEVISA",27,"2016-08-01"
2016,8,"MEGACABLE-MCM",81,"2016-08-01"
2016,8,"TV REY",2,"2016-08-01"
2016,9,"AMÉRICA MÓVIL",410,"2016-09-01"
2016,9,"AXTEL",1,"2016-09-01"
2016,9,"GRUPO TELEVISA",29,"2016-09-01"
2016,9,"MEGACABLE-MCM",84,"2016-09-01"
2016,9,"TV REY",1,"2016-09-01"
2016,10,"AMÉRICA MÓVIL",413,"2016-10-01"
2016,10,"AXTEL",1,"2016-10-01"
2016,10,"GRUPO TELEVISA",30,"2016-10-01"
2016,10,"MEGACABLE-MCM",83,"2016-10-01"
2016,11,"AMÉRICA MÓVIL",412,"2016-11-01"
2016,11,"AXTEL",1,"2016-11-01"
2016,11,"GRUPO TELEVISA",31,"2016-11-01"
2016,11,"MEGACABLE-MCM",85,"2016-11-01"
2016,12,"AMÉRICA MÓVIL",409,"2016-12-01"
2016,12,"AXTEL",1,"2016-12-01"
2016,12,"GRUPO TELEVISA",31,"2016-12-01"
2016,12,"MEGACABLE-MCM",88,"2016-12-01"
2017,1,"AMÉRICA MÓVIL",407,"2017-01-01"
2017,1,"GRUPO TELEVISA",31,"2017-01-01"
2017,1,"MEGACABLE-MCM",93,"2017-01-01"
2017,2,"AMÉRICA MÓVIL",400,"2017-02-01"
2017,2,"GRUPO TELEVISA",31,"2017-02-01"
2017,2,"MEGACABLE-MCM",99,"2017-02-01"
2017,3,"AMÉRICA MÓVIL",393,"2017-03-01"
2017,3,"GRUPO TELEVISA",31,"2017-03-01"
2017,3,"MEGACABLE-MCM",103,"2017-03-01"
2017,4,"AMÉRICA MÓVIL",395,"2017-04-01"
2017,4,"GRUPO TELEVISA",31,"2017-04-01"
2017,4,"MEGACABLE-MCM",102,"2017-04-01"
2017,5,"AMÉRICA MÓVIL",392,"2017-05-01"
2017,5,"GRUPO TELEVISA",30,"2017-05-01"
2017,5,"MEGACABLE-MCM",105,"2017-05-01"
2017,6,"AMÉRICA MÓVIL",390,"2017-06-01"
2017,6,"GRUPO TELEVISA",29,"2017-06-01"
2017,6,"MEGACABLE-MCM",111,"2017-06-01"
2017,7,"AMÉRICA MÓVIL",378,"2017-07-01"
2017,7,"GRUPO TELEVISA",30,"2017-07-01"
2017,7,"MEGACABLE-MCM",120,"2017-07-01"
2017,8,"AMÉRICA MÓVIL",372,"2017-08-01"
2017,8,"GRUPO TELEVISA",31,"2017-08-01"
2017,8,"MEGACABLE-MCM",125,"2017-08-01"
2017,9,"AMÉRICA MÓVIL",369,"2017-09-01"
2017,9,"GRUPO TELEVISA",33,"2017-09-01"
2017,9,"MEGACABLE-MCM",126,"2017-09-01"
2017,10,"AMÉRICA MÓVIL",360,"2017-10-01"
2017,10,"GRUPO TELEVISA",34,"2017-10-01"
2017,10,"MEGACABLE-MCM",130,"2017-10-01"
2017,11,"AMÉRICA MÓVIL",355,"2017-11-01"
2017,11,"GRUPO TELEVISA",36,"2017-11-01"
2017,11,"MEGACABLE-MCM",132,"2017-11-01"
2017,12,"AMÉRICA MÓVIL",353,"2017-12-01"
2017,12,"GRUPO TELEVISA",40,"2017-12-01"
2017,12,"MEGACABLE-MCM",135,"2017-12-01"
2018,1,"AMÉRICA MÓVIL",370,"2018-01-01"
2018,1,"AXTEL",1,"2018-01-01"
2018,1,"GRUPO TELEVISA",39,"2018-01-01"
2018,1,"MEGACABLE-MCM",136,"2018-01-01"
2018,2,"AMÉRICA MÓVIL",370,"2018-02-01"
2018,2,"AXTEL",1,"2018-02-01"
2018,2,"GRUPO TELEVISA",40,"2018-02-01"
2018,2,"MEGACABLE-MCM",137,"2018-02-01"
2018,3,"AMÉRICA MÓVIL",368,"2018-03-01"
2018,3,"AXTEL",1,"2018-03-01"
2018,3,"GRUPO TELEVISA",41,"2018-03-01"
2018,3,"MEGACABLE-MCM",140,"2018-03-01"
2018,4,"AMÉRICA MÓVIL",372,"2018-04-01"
2018,4,"AXTEL",1,"2018-04-01"
2018,4,"GRUPO TELEVISA",41,"2018-04-01"
2018,4,"MEGACABLE-MCM",143,"2018-04-01"
2018,5,"AMÉRICA MÓVIL",368,"2018-05-01"
2018,5,"AXTEL",1,"2018-05-01"
2018,5,"GRUPO TELEVISA",41,"2018-05-01"
2018,5,"MEGACABLE-MCM",145,"2018-05-01"
2018,6,"AMÉRICA MÓVIL",373,"2018-06-01"
2018,6,"AXTEL",1,"2018-06-01"
2018,6,"GRUPO TELEVISA",43,"2018-06-01"
2018,6,"MEGACABLE-MCM",147,"2018-06-01"
2018,7,"AMÉRICA MÓVIL",364,"2018-07-01"
2018,7,"AXTEL",1,"2018-07-01"
2018,7,"GRUPO TELEVISA",43,"2018-07-01"
2018,7,"MEGACABLE-MCM",150,"2018-07-01"
2018,8,"AMÉRICA MÓVIL",362,"2018-08-01"
2018,8,"AXTEL",1,"2018-08-01"
2018,8,"GRUPO TELEVISA",43,"2018-08-01"
2018,8,"MEGACABLE-MCM",152,"2018-08-01"
2018,9,"AMÉRICA MÓVIL",365,"2018-09-01"
2018,9,"AXTEL",1,"2018-09-01"
2018,9,"GRUPO TELEVISA",42,"2018-09-01"
2018,9,"MEGACABLE-MCM",153,"2018-09-01"
2018,10,"AMÉRICA MÓVIL",388,"2018-10-01"
2018,10,"GRUPO SALINAS",1,"2018-10-01"
2018,10,"GRUPO TELEVISA",42,"2018-10-01"
2018,10,"MEGACABLE-MCM",153,"2018-10-01"
2018,11,"AMÉRICA MÓVIL",386,"2018-11-01"
2018,11,"GRUPO SALINAS",1,"2018-11-01"
2018,11,"GRUPO TELEVISA",43,"2018-11-01"
2018,11,"MEGACABLE-MCM",155,"2018-11-01"
2018,12,"AMÉRICA MÓVIL",393,"2018-12-01"
2018,12,"GRUPO SALINAS",1,"2018-12-01"
2018,12,"GRUPO TELEVISA",43,"2018-12-01"
2018,12,"MEGACABLE-MCM",155,"2018-12-01"
2019,1,"AMÉRICA MÓVIL",304,"2019-01-01"
2019,1,"GRUPO TELEVISA",44,"2019-01-01"
2019,1,"MEGACABLE-MCM",156,"2019-01-01"
2019,2,"AMÉRICA MÓVIL",299,"2019-02-01"
2019,2,"GRUPO TELEVISA",45,"2019-02-01"
2019,2,"MEGACABLE-MCM",159,"2019-02-01"
2019,3,"AMÉRICA MÓVIL",299,"2019-03-01"
2019,3,"GRUPO TELEVISA",47,"2019-03-01"
2019,3,"MEGACABLE-MCM",162,"2019-03-01"
2019,4,"AMÉRICA MÓVIL",317,"2019-04-01"
2019,4,"GRUPO TELEVISA",47,"2019-04-01"
2019,4,"MEGACABLE-MCM",162,"2019-04-01"
2019,5,"AMÉRICA MÓVIL",314,"2019-05-01"
2019,5,"GRUPO SALINAS",1,"2019-05-01"
2019,5,"GRUPO TELEVISA",47,"2019-05-01"
2019,5,"MEGACABLE-MCM",164,"2019-05-01"
2019,6,"AMÉRICA MÓVIL",318,"2019-06-01"
2019,6,"GRUPO SALINAS",1,"2019-06-01"
2019,6,"GRUPO TELEVISA",48,"2019-06-01"
2019,6,"MEGACABLE-MCM",164,"2019-06-01"
2019,7,"AMÉRICA MÓVIL",334,"2019-07-01"
2019,7,"GRUPO SALINAS",1,"2019-07-01"
2019,7,"GRUPO TELEVISA",50,"2019-07-01"
2019,7,"MEGACABLE-MCM",169,"2019-07-01"
2019,8,"AMÉRICA MÓVIL",335,"2019-08-01"
2019,8,"GRUPO SALINAS",1,"2019-08-01"
2019,8,"GRUPO TELEVISA",53,"2019-08-01"
2019,8,"MEGACABLE-MCM",171,"2019-08-01"
2019,9,"AMÉRICA MÓVIL",338,"2019-09-01"
2019,9,"GRUPO TELEVISA",52,"2019-09-01"
2019,9,"MEGACABLE-MCM",172,"2019-09-01"
2019,10,"AMÉRICA MÓVIL",341,"2019-10-01"
2019,10,"GRUPO TELEVISA",52,"2019-10-01"
2019,10,"MEGACABLE-MCM",176,"2019-10-01"
2019,11,"AMÉRICA MÓVIL",349,"2019-11-01"
2019,11,"GRUPO TELEVISA",51,"2019-11-01"
2019,11,"MEGACABLE-MCM",178,"2019-11-01"
2019,12,"AMÉRICA MÓVIL",357,"2019-12-01"
2019,12,"GRUPO TELEVISA",52,"2019-12-01"
2019,12,"MEGACABLE-MCM",177,"2019-12-01"
2020,1,"AMÉRICA MÓVIL",904,"2020-01-01"
2020,1,"GRUPO SALINAS",1,"2020-01-01"
2020,1,"GRUPO TELEVISA",85,"2020-01-01"
2020,1,"MEGACABLE-MCM",176,"2020-01-01"
2020,2,"AMÉRICA MÓVIL",902,"2020-02-01"
2020,2,"GRUPO SALINAS",2,"2020-02-01"
2020,2,"GRUPO TELEVISA",86,"2020-02-01"
2020,2,"MEGACABLE-MCM",176,"2020-02-01"
2020,3,"AMÉRICA MÓVIL",903,"2020-03-01"
2020,3,"GRUPO SALINAS",2,"2020-03-01"
2020,3,"GRUPO TELEVISA",89,"2020-03-01"
2020,3,"MEGACABLE-MCM",176,"2020-03-01"
2020,4,"AMÉRICA MÓVIL",900,"2020-04-01"
2020,4,"GRUPO SALINAS",4,"2020-04-01"
2020,4,"GRUPO TELEVISA",89,"2020-04-01"
2020,4,"MEGACABLE-MCM",178,"2020-04-01"
2020,5,"AMÉRICA MÓVIL",894,"2020-05-01"
2020,5,"GRUPO SALINAS",4,"2020-05-01"
2020,5,"GRUPO TELEVISA",92,"2020-05-01"
2020,5,"MEGACABLE-MCM",179,"2020-05-01"
2020,6,"AMÉRICA MÓVIL",895,"2020-06-01"
2020,6,"GRUPO SALINAS",4,"2020-06-01"
2020,6,"GRUPO TELEVISA",98,"2020-06-01"
2020,6,"MEGACABLE-MCM",181,"2020-06-01"
2020,7,"AMÉRICA MÓVIL",905,"2020-07-01"
2020,7,"GRUPO SALINAS",5,"2020-07-01"
2020,7,"GRUPO TELEVISA",96,"2020-07-01"
2020,7,"MEGACABLE-MCM",182,"2020-07-01"
2020,8,"AMÉRICA MÓVIL",903,"2020-08-01"
2020,8,"GRUPO SALINAS",4,"2020-08-01"
2020,8,"GRUPO TELEVISA",100,"2020-08-01"
2020,8,"MEGACABLE-MCM",185,"2020-08-01"
2020,9,"AMÉRICA MÓVIL",911,"2020-09-01"
2020,9,"GRUPO SALINAS",4,"2020-09-01"
2020,9,"GRUPO TELEVISA",105,"2020-09-01"
2020,9,"MEGACABLE-MCM",187,"2020-09-01"
2020,10,"AMÉRICA MÓVIL",919,"2020-10-01"
2020,10,"GRUPO SALINAS",4,"2020-10-01"
2020,10,"GRUPO TELEVISA",113,"2020-10-01"
2020,10,"MEGACABLE-MCM",188,"2020-10-01"
2020,11,"AMÉRICA MÓVIL",907,"2020-11-01"
2020,11,"GRUPO SALINAS",4,"2020-11-01"
2020,11,"GRUPO TELEVISA",113,"2020-11-01"
2020,11,"MEGACABLE-MCM",189,"2020-11-01"
2020,12,"AMÉRICA MÓVIL",907,"2020-12-01"
2020,12,"GRUPO SALINAS",5,"2020-12-01"
2020,12,"GRUPO TELEVISA",113,"2020-12-01"
2020,12,"MEGACABLE-MCM",192,"2020-12-01"
2021,1,"AMÉRICA MÓVIL",951,"2021-01-01"
2021,1,"GRUPO SALINAS",6,"2021-01-01"
2021,1,"GRUPO TELEVISA",122,"2021-01-01"
2021,1,"MEGACABLE-MCM",163,"2021-01-01"
2021,2,"AMÉRICA MÓVIL",950,"2021-02-01"
2021,2,"GRUPO SALINAS",6,"2021-02-01"
2021,2,"GRUPO TELEVISA",123,"2021-02-01"
2021,2,"MEGACABLE-MCM",166,"2021-02-01"
2021,3,"AMÉRICA MÓVIL",955,"2021-03-01"
2021,3,"GRUPO SALINAS",7,"2021-03-01"
2021,3,"GRUPO TELEVISA",123,"2021-03-01"
2021,3,"MEGACABLE-MCM",166,"2021-03-01"
2021,4,"AMÉRICA MÓVIL",1016,"2021-04-01"
2021,4,"GRUPO SALINAS",7,"2021-04-01"
2021,4,"GRUPO TELEVISA",159,"2021-04-01"
2021,4,"MEGACABLE-MCM",160,"2021-04-01"
2021,4,"NETWEY",19,"2021-04-01"
2021,5,"AMÉRICA MÓVIL",1011,"2021-05-01"
2021,5,"GRUPO SALINAS",7,"2021-05-01"
2021,5,"GRUPO TELEVISA",162,"2021-05-01"
2021,5,"MEGACABLE-MCM",162,"2021-05-01"
2021,5,"NETWEY",21,"2021-05-01"
2021,6,"AMÉRICA MÓVIL",1013,"2021-06-01"
2021,6,"GRUPO SALINAS",7,"2021-06-01"
2021,6,"GRUPO TELEVISA",164,"2021-06-01"
2021,6,"MEGACABLE-MCM",163,"2021-06-01"
2021,6,"NETWEY",21,"2021-06-01"
2021,7,"AMÉRICA MÓVIL",1010,"2021-07-01"
2021,7,"GRUPO SALINAS",7,"2021-07-01"
2021,7,"GRUPO TELEVISA",167,"2021-07-01"
2021,7,"MEGACABLE-MCM",166,"2021-07-01"
2021,7,"NETWEY",21,"2021-07-01"
2021,8,"AMÉRICA MÓVIL",1006,"2021-08-01"
2021,8,"GRUPO SALINAS",6,"2021-08-01"
2021,8,"GRUPO TELEVISA",168,"2021-08-01"
2021,8,"MEGACABLE-MCM",165,"2021-08-01"
2021,8,"NETWEY",20,"2021-08-01"
2021,9,"AMÉRICA MÓVIL",1005,"2021-09-01"
2021,9,"GRUPO SALINAS",7,"2021-09-01"
2021,9,"GRUPO TELEVISA",170,"2021-09-01"
2021,9,"MEGACABLE-MCM",164,"2021-09-01"
2021,9,"NETWEY",20,"2021-09-01"
2021,10,"AMÉRICA MÓVIL",994,"2021-10-01"
2021,10,"GRUPO SALINAS",7,"2021-10-01"
2021,10,"GRUPO TELEVISA",181,"2021-10-01"
2021,10,"MEGACABLE-MCM",168,"2021-10-01"
2021,10,"NETWEY",18,"2021-10-01"
2021,11,"AMÉRICA MÓVIL",990,"2021-11-01"
2021,11,"GRUPO SALINAS",7,"2021-11-01"
2021,11,"GRUPO TELEVISA",179,"2021-11-01"
2021,11,"MEGACABLE-MCM",169,"2021-11-01"
2021,11,"NETWEY",15,"2021-11-01"
2021,12,"AMÉRICA MÓVIL",992,"2021-12-01"
2021,12,"GRUPO SALINAS",9,"2021-12-01"
2021,12,"GRUPO TELEVISA",189,"2021-12-01"
2021,12,"MEGACABLE-MCM",171,"2021-12-01"
2021,12,"NETWEY",16,"2021-12-01"
2022,1,"AMÉRICA MÓVIL",981,"2022-01-01"
2022,1,"GRUPO SALINAS",10,"2022-01-01"
2022,1,"GRUPO TELEVISA",204,"2022-01-01"
2022,1,"MEGACABLE-MCM",173,"2022-01-01"
2022,1,"NETWEY",23,"2022-01-01"
2022,2,"AMÉRICA MÓVIL",984,"2022-02-01"
2022,2,"GRUPO SALINAS",10,"2022-02-01"
2022,2,"GRUPO TELEVISA",205,"2022-02-01"
2022,2,"MEGACABLE-MCM",174,"2022-02-01"
2022,2,"NETWEY",24,"2022-02-01"
2022,3,"AMÉRICA MÓVIL",980,"2022-03-01"
2022,3,"GRUPO SALINAS",10,"2022-03-01"
2022,3,"GRUPO TELEVISA",205,"2022-03-01"
2022,3,"MEGACABLE-MCM",174,"2022-03-01"
2022,3,"NETWEY",25,"2022-03-01"
2022,4,"AMÉRICA MÓVIL",990,"2022-04-01"
2022,4,"GRUPO SALINAS",10,"2022-04-01"
2022,4,"GRUPO TELEVISA",155,"2022-04-01"
2022,4,"MEGACABLE-MCM",174,"2022-04-01"
2022,5,"AMÉRICA MÓVIL",985,"2022-05-01"
2022,5,"GRUPO SALINAS",10,"2022-05-01"
2022,5,"GRUPO TELEVISA",157,"2022-05-01"
2022,5,"MEGACABLE-MCM",172,"2022-05-01"
2022,6,"AMÉRICA MÓVIL",987,"2022-06-01"
2022,6,"GRUPO SALINAS",10,"2022-06-01"
2022,6,"GRUPO TELEVISA",156,"2022-06-01"
2022,6,"MEGACABLE-MCM",176,"2022-06-01"
2022,7,"AMÉRICA MÓVIL",981,"2022-07-01"
2022,7,"GRUPO SALINAS",10,"2022-07-01"
2022,7,"GRUPO TELEVISA",157,"2022-07-01"
2022,7,"MEGACABLE-MCM",177,"2022-07-01"
2022,8,"AMÉRICA MÓVIL",976,"2022-08-01"
2022,8,"GRUPO SALINAS",11,"2022-08-01"
2022,8,"GRUPO TELEVISA",158,"2022-08-01"
2022,8,"MEGACABLE-MCM",177,"2022-08-01"
2022,9,"AMÉRICA MÓVIL",976,"2022-09-01"
2022,9,"GRUPO SALINAS",11,"2022-09-01"
2022,9,"GRUPO TELEVISA",156,"2022-09-01"
2022,9,"MEGACABLE-MCM",181,"2022-09-01"
2022,10,"AMÉRICA MÓVIL",978,"2022-10-01"
2022,10,"GRUPO SALINAS",12,"2022-10-01"
2022,10,"GRUPO TELEVISA",205,"2022-10-01"
2022,10,"MEGACABLE-MCM",177,"2022-10-01"
2022,10,"NETWEY",15,"2022-10-01"
2022,11,"AMÉRICA MÓVIL",968,"2022-11-01"
2022,11,"GRUPO SALINAS",12,"2022-11-01"
2022,11,"GRUPO TELEVISA",206,"2022-11-01"
2022,11,"MEGACABLE-MCM",176,"2022-11-01"
2022,11,"NETWEY",17,"2022-11-01"
2022,12,"AMÉRICA MÓVIL",958,"2022-12-01"
2022,12,"GRUPO SALINAS",12,"2022-12-01"
2022,12,"GRUPO TELEVISA",211,"2022-12-01"
2022,12,"MEGACABLE-MCM",179,"2022-12-01"
2022,12,"NETWEY",14,"2022-12-01"
2023,1,"AMÉRICA MÓVIL",908,"2023-01-01"
2023,1,"GRUPO SALINAS",7,"2023-01-01"
2023,1,"GRUPO TELEVISA",250,"2023-01-01"
2023,1,"MEGACABLE-MCM",203,"2023-01-01"
2023,1,"NETWEY",15,"2023-01-01"
2023,2,"AMÉRICA MÓVIL",908,"2023-02-01"
2023,2,"GRUPO SALINAS",7,"2023-02-01"
2023,2,"GRUPO TELEVISA",248,"2023-02-01"
2023,2,"MEGACABLE-MCM",201,"2023-02-01"
2023,2,"NETWEY",22,"2023-02-01"
2023,3,"AMÉRICA MÓVIL",912,"2023-03-01"
2023,3,"GRUPO SALINAS",7,"2023-03-01"
2023,3,"GRUPO TELEVISA",241,"2023-03-01"
2023,3,"MEGACABLE-MCM",199,"2023-03-01"
2023,3,"NETWEY",24,"2023-03-01"
2023,4,"AMÉRICA MÓVIL",1118,"2023-04-01"
2023,4,"GRUPO SALINAS",12,"2023-04-01"
2023,4,"GRUPO TELEVISA",204,"2023-04-01"
2023,5,"AMÉRICA MÓVIL",1117,"2023-05-01"
2023,5,"GRUPO SALINAS",12,"2023-05-01"
2023,5,"GRUPO TELEVISA",201,"2023-05-01"
2023,6,"AMÉRICA MÓVIL",1117,"2023-06-01"
2023,6,"GRUPO SALINAS",12,"2023-06-01"
2023,6,"GRUPO TELEVISA",201,"2023-06-01"
2023,7,"AMÉRICA MÓVIL",949,"2023-07-01"
2023,7,"GRUPO SALINAS",7,"2023-07-01"
2023,7,"GRUPO TELEVISA",216,"2023-07-01"
2023,7,"MEGACABLE-MCM",177,"2023-07-01"
2023,7,"NETWEY",21,"2023-07-01"
2023,8,"AMÉRICA MÓVIL",954,"2023-08-01"
2023,8,"GRUPO SALINAS",7,"2023-08-01"
2023,8,"GRUPO TELEVISA",233,"2023-08-01"
2023,8,"MEGACABLE-MCM",183,"2023-08-01"
2023,8,"NETWEY",7,"2023-08-01"
2023,9,"AMÉRICA MÓVIL",952,"2023-09-01"
2023,9,"GRUPO SALINAS",9,"2023-09-01"
2023,9,"GRUPO TELEVISA",245,"2023-09-01"
2023,9,"MEGACABLE-MCM",186,"2023-09-01"
2023,9,"NETWEY",22,"2023-09-01"
2023,10,"AMÉRICA MÓVIL",957,"2023-10-01"
2023,10,"GRUPO SALINAS",8,"2023-10-01"
2023,10,"GRUPO TELEVISA",201,"2023-10-01"
2023,10,"MEGACABLE-MCM",178,"2023-10-01"
2023,11,"AMÉRICA MÓVIL",952,"2023-11-01"
2023,11,"GRUPO SALINAS",8,"2023-11-01"
2023,11,"GRUPO TELEVISA",200,"2023-11-01"
2023,11,"MEGACABLE-MCM",177,"2023-11-01"
2023,12,"AMÉRICA MÓVIL",963,"2023-12-01"
2023,12,"GRUPO SALINAS",8,"2023-12-01"
2023,12,"GRUPO TELEVISA",189,"2023-12-01"
2023,12,"MEGACABLE-MCM",177,"2023-12-01"
2024,1,"AMÉRICA MÓVIL",958,"2024-01-01"
2024,1,"GRUPO SALINAS",8,"2024-01-01"
2024,1,"GRUPO TELEVISA",181,"2024-01-01"
2024,1,"MEGACABLE-MCM",181,"2024-01-01"
2024,2,"AMÉRICA MÓVIL",953,"2024-02-01"
2024,2,"GRUPO SALINAS",9,"2024-02-01"
2024,2,"GRUPO TELEVISA",172,"2024-02-01"
2024,2,"MEGACABLE-MCM",182,"2024-02-01"
2024,3,"AMÉRICA MÓVIL",957,"2024-03-01"
2024,3,"GRUPO SALINAS",9,"2024-03-01"
2024,3,"GRUPO TELEVISA",170,"2024-03-01"
2024,3,"MEGACABLE-MCM",179,"2024-03-01"
2024,4,"AMÉRICA MÓVIL",958,"2024-04-01"
2024,4,"GRUPO SALINAS",10,"2024-04-01"
2024,4,"GRUPO TELEVISA",219,"2024-04-01"
2024,4,"MEGACABLE-MCM",178,"2024-04-01"
2024,4,"NETWEY",23,"2024-04-01"
2024,5,"AMÉRICA MÓVIL",946,"2024-05-01"
2024,5,"GRUPO SALINAS",10,"2024-05-01"
2024,5,"GRUPO TELEVISA",214,"2024-05-01"
2024,5,"MEGACABLE-MCM",175,"2024-05-01"
2024,5,"NETWEY",24,"2024-05-01"
2024,6,"AMÉRICA MÓVIL",953,"2024-06-01"
2024,6,"GRUPO SALINAS",10,"2024-06-01"
2024,6,"GRUPO TELEVISA",215,"2024-06-01"
2024,6,"MEGACABLE-MCM",176,"2024-06-01"
2024,6,"NETWEY",24,"2024-06-01"
2024,7,"AMÉRICA MÓVIL",921,"2024-07-01"
2024,7,"GRUPO SALINAS",13,"2024-07-01"
2024,7,"GRUPO TELEVISA",200,"2024-07-01"
2024,7,"MEGACABLE-MCM",205,"2024-07-01"
2024,7,"NETWEY",25,"2024-07-01"
2024,8,"AMÉRICA MÓVIL",918,"2024-08-01"
2024,8,"GRUPO SALINAS",14,"2024-08-01"
2024,8,"GRUPO TELEVISA",196,"2024-08-01"
2024,8,"MEGACABLE-MCM",204,"2024-08-01"
2024,8,"NETWEY",25,"2024-08-01"
2024,9,"AMÉRICA MÓVIL",909,"2024-09-01"
2024,9,"GRUPO SALINAS",15,"2024-09-01"
2024,9,"GRUPO TELEVISA",194,"2024-09-01"
2024,9,"MEGACABLE-MCM",206,"2024-09-01"
2024,9,"NETWEY",24,"2024-09-01"
2024,10,"AMÉRICA MÓVIL",930,"2024-10-01"
2024,10,"GRUPO SALINAS",12,"2024-10-01"
2024,10,"GRUPO TELEVISA",197,"2024-10-01"
2024,10,"MEGACABLE-MCM",206,"2024-10-01"
2024,10,"NETWEY",25,"2024-10-01"
2024,11,"AMÉRICA MÓVIL",923,"2024-11-01"
2024,11,"GRUPO SALINAS",12,"2024-11-01"
2024,11,"GRUPO TELEVISA",193,"2024-11-01"
2024,11,"MEGACABLE-MCM",206,"2024-11-01"
2024,11,"NETWEY",26,"2024-11-01"
2024,12,"AMÉRICA MÓVIL",928,"2024-12-01"
2024,12,"GRUPO SALINAS",12,"2024-12-01"
2024,12,"GRUPO TELEVISA",188,"2024-12-01"
2024,12,"MEGACABLE-MCM",209,"2024-12-01"
2024,12,"NETWEY",25,"2024-12-01"
2025,3,"AMÉRICA MÓVIL",884,"2025-03-01"
2025,3,"GRUPO SALINAS",12,"2025-03-01"
2025,3,"GRUPO TELEVISA",198,"2025-03-01"
2025,3,"ISLLALI BELMONTE ROSALES",1,"2025-03-01"
2025,3,"MEGACABLE-MCM",201,"2025-03-01"
2025,6,"AMÉRICA MÓVIL",948,"2025-06-01"
2025,6,"GRUPO TELEVISA",137,"2025-06-01"
2025,6,"ISLLALI BELMONTE ROSALES",1,"2025-06-01"
2025,6,"MEGACABLE-MCM",189,"2025-06-01"
2025,9,"AMÉRICA MÓVIL",931,"2025-09-01"
2025,9,"GRUPO SALINAS",14,"2025-09-01"
2025,9,"GRUPO TELEVISA",137,"2025-09-01"
2025,9,"MEGACABLE-MCM",204,"2025-09-01"
2025,12,"AMÉRICA MÓVIL",896,"2025-12-01"
2025,12,"CABLE SISTEMA DEL CENTRO",5,"2025-12-01"
2025,12,"CABLE Y MAS",1,"2025-12-01"
2025,12,"CORPORATIVO FRABE",1,"2025-12-01"
2025,12,"CÉSAR ABED GÓMEZ ORTEGA",1,"2025-12-01"
2025,12,"GRUPO SALINAS",16,"2025-12-01"
2025,12,"GRUPO TELEVISA",127,"2025-12-01"
2025,12,"INTERCABLETV COMUNICACIONES Y SERVICIOS, S.A. DE C.V.",1,"2025-12-01"
2025,12,"JOSE ARMANDO BRIBIESCA RAMIREZ",1,"2025-12-01"
2025,12,"MAXICABLE",1,"2025-12-01"
2025,12,"MEGACABLE-MCM",230,"2025-12-01"
2025,12,"ROLANDO RAMIRO GONZALEZ TREVIÑO",3,"2025-12-01"
2025,12,"ROSA ELENA DELGADO ALMARAZ",1,"2025-12-01"
2025,12,"TELECABLE DE XALTIANGUIS",2,"2025-12-01"
